Workbook
Name Slicer_Lokalizacja: #N/A
Name Tbl_Dane: Table1[]
Name Tbl_Transakcje: Table1[]

Sheet Instrukcja
B2: DUŻY EGZAMIN KOŃCOWY — EXCEL (bez podpowiedzi)
B4: To jest wersja BEZ PODPOWIEDZI. Polecenia opisują efekt biznesowy, jaki masz osiągnąć — nie mówią, jakiej funkcji czy narzędzia użyć. To Ty decydujesz, jakim sposobem dojść do wyniku. Dane są nowe (inna firma, inny zestaw), więc nie polegaj na pamięci z poprzedniego pliku — przeczytaj dane uważnie.
B7: STRUKTURA SKOROSZYTU
B8: • Dane — Surowe dane transakcyjne sieci kawiarni. Nie zmieniaj tego arkusza poza kolumnami, o które proszą zadania.
B9: • Produkty — Katalog produktów do zadań na wyszukiwanie danych.
B10: • Z1_Funkcje_podstawowe — Sekcja 1
B11: • Z2_Wyszukiwanie — Sekcja 2
B12: • Z3_Tekst — Sekcja 3
B13: • Z4_Agregacja_warunkowa — Sekcja 4
B14: • Z5_Tabele — Sekcja 5
B15: • Z6_Zestawienia — Sekcja 6
B16: • Z7_Wizualizacje — Sekcja 7
... B25: → Gdy skończysz (albo dojdziesz do ściany), zapisz plik i odeślij mi go z powrotem.

Sheet Dane
A1: ID_Transakcji | B1: Data | C1: Lokalizacja | D1: Barista_surowe | E1: Email_surowy | F1: ID_Produktu | G1: Ilosc | H1: Cena_jednostkowa | I1: Przychod | J1: ID_Karty | K1: Status_surowy | L1: Typ_Zamówienia | M1: Priorytet | N1: Nazwa_Produktu | O1: Kategoria_Produktu | P1: Cena_katalogowa | Q1: Różnica_ceny | R1: Imię_Nazwisko | S1: Domena | T1: Inicjały | U1: Lokalizacja_ID | V1: Data_tekst | W1: Status | X1: Marża
A2: C0001 | B2: 45498 | C2: Poznań | D2: natalia krawczyk | E2: natalia.krawczyk@kawiarnia.pl | F2: K004 | G2: 3 | H2: 11.15 | I2: 33.45 | J2: L132 | K2: W realizacji | L2: {=_xlfn.IFS(G2>6,"Duże zamówienie",G2<=6,"Standardowe")} -> Standardowe | M2: {=_xlfn.IFS(AND(C2="Warszawa",G2>5),"Wysoki",OR(C2="Warszawa",C2="Kraków"),"Średni",TRUE,"Niski")} -> Niski | N2: =_xlfn.XLOOKUP(F2,Produkty!$A$2:$A$15,Produkty!$B$2:$B$15,"Brak w katalogu") -> Americano | O2: =_xlfn.XLOOKUP(N2,Produkty!$B$2:$B$15,Produkty!$C$2:$C$15,"Brak w katalogu") -> Napoje gorące | P2: =_xlfn.XLOOKUP(Dane!F2,Produkty!$A$2:$A$15,Produkty!$D$2:$D$15) -> 11 | Q2: =SUM(P2-H2) -> -0.15 | R2: =TRIM(PROPER(D2)) -> Natalia Krawczyk | S2: =LOWER(TRIM(_xlfn.TEXTAFTER(E2,"@"))) -> kawiarnia.pl | T2: =_xlfn.CONCAT(LEFT(R2,1),".",LEFT(_xlfn.TEXTAFTER(R2," "),"1"),".") -> N.K. | U2: =_xlfn.CONCAT(C2,"-",F2) -> Poznań-K004 | V2: =TEXT(B2,"dd-mm-rrrr") -> 25-07-2024 | W2: =TRIM(LOWER(K2)) -> w realizacji | X2: =Q2/P2 -> -0.013636364
A3: C0002 | B3: 45488 | C3: Gdańsk | D3: ALEKSANDRA KOWAL | E3: aleksandra.kowal@kawiarnia.pl | F3: K007 | G3: 12 | H3: 11.9 | I3: 142.8 | J3: L127 | K3: Zakonczone | L3: {=_xlfn.IFS(G3>6,"Duże zamówienie",G3<=6,"Standardowe")} -> Duże zamówienie | M3: {=_xlfn.IFS(AND(C3="Warszawa",G3>5),"Wysoki",OR(C3="Warszawa",C3="Kraków"),"Średni",TRUE,"Niski")} -> Niski | N3: =_xlfn.XLOOKUP(F3,Produkty!$A$2:$A$15,Produkty!$B$2:$B$15,"Brak w katalogu") -> Lemoniada | O3: =_xlfn.XLOOKUP(N3,Produkty!$B$2:$B$15,Produkty!$C$2:$C$15,"Brak w katalogu") -> Napoje zimne | P3: =_xlfn.XLOOKUP(Dane!F3,Produkty!$A$2:$A$15,Produkty!$D$2:$D$15) -> 12 | Q3: =SUM(P3-H3) -> 0.1 | R3: =TRIM(PROPER(D3)) -> Aleksandra Kowal | S3: =LOWER(TRIM(_xlfn.TEXTAFTER(E3,"@"))) -> kawiarnia.pl | T3: =_xlfn.CONCAT(LEFT(R3,1),".",LEFT(_xlfn.TEXTAFTER(R3," "),"1"),".") -> A.K. | U3: =_xlfn.CONCAT(C3,"-",F3) -> Gdańsk-K007 | V3: =TEXT(B3,"dd-mm-rrrr") -> 15-07-2024 | W3: =TRIM(LOWER(K3)) -> zakonczone | X3: =Q3/P3 -> 0.0083333333
A4: C0003 | B4: 45490 | C4: Kraków | D4: Bartosz Zajac | E4: bartosz.zajac@KAWIARNIA.PL | F4: K014 | G4: 10 | H4: 5.7 | I4: 57 | J4: L191 | K4: zakonczone | L4: {=_xlfn.IFS(G4>6,"Duże zamówienie",G4<=6,"Standardowe")} -> Duże zamówienie | M4: {=_xlfn.IFS(AND(C4="Warszawa",G4>5),"Wysoki",OR(C4="Warszawa",C4="Kraków"),"Średni",TRUE,"Niski")} -> Średni | N4: =_xlfn.XLOOKUP(F4,Produkty!$A$2:$A$15,Produkty!$B$2:$B$15,"Brak w katalogu") -> Batonik musli | O4: =_xlfn.XLOOKUP(N4,Produkty!$B$2:$B$15,Produkty!$C$2:$C$15,"Brak w katalogu") -> Przekąski | P4: =_xlfn.XLOOKUP(Dane!F4,Produkty!$A$2:$A$15,Produkty!$D$2:$D$15) -> 6 | Q4: =SUM(P4-H4) -> 0.3 | R4: =TRIM(PROPER(D4)) -> Bartosz Zajac | S4: =LOWER(TRIM(_xlfn.TEXTAFTER(E4,"@"))) -> kawiarnia.pl | T4: =_xlfn.CONCAT(LEFT(R4,1),".",LEFT(_xlfn.TEXTAFTER(R4," "),"1"),".") -> B.Z. | U4: =_xlfn.CONCAT(C4,"-",F4) -> Kraków-K014 | V4: =TEXT(B4,"dd-mm-rrrr") -> 17-07-2024 | W4: =TRIM(LOWER(K4)) -> zakonczone | X4: =Q4/P4 -> 0.05
A5: C0004 | B5: 45638 | C5: Warszawa | D5: Weronika Duda | E5: weronika.duda@KAWIARNIA.PL | F5: K005 | G5: 9 | H5: 9.01 | I5: 81.09 | J5: L126 | K5: Zakonczone | L5: {=_xlfn.IFS(G5>6,"Duże zamówienie",G5<=6,"Standardowe")} -> Duże zamówienie | M5: {=_xlfn.IFS(AND(C5="Warszawa",G5>5),"Wysoki",OR(C5="Warszawa",C5="Kraków"),"Średni",TRUE,"Niski")} -> Wysoki | N5: =_xlfn.XLOOKUP(F5,Produkty!$A$2:$A$15,Produkty!$B$2:$B$15,"Brak w katalogu") -> Herbata liściasta | O5: =_xlfn.XLOOKUP(N5,Produkty!$B$2:$B$15,Produkty!$C$2:$C$15,"Brak w katalogu") -> Napoje gorące | P5: =_xlfn.XLOOKUP(Dane!F5,Produkty!$A$2:$A$15,Produkty!$D$2:$D$15) -> 10 | Q5: =SUM(P5-H5) -> 0.99 | R5: =TRIM(PROPER(D5)) -> Weronika Duda | S5: =LOWER(TRIM(_xlfn.TEXTAFTER(E5,"@"))) -> kawiarnia.pl | T5: =_xlfn.CONCAT(LEFT(R5,1),".",LEFT(_xlfn.TEXTAFTER(R5," "),"1"),".") -> W.D. | U5: =_xlfn.CONCAT(C5,"-",F5) -> Warszawa-K005 | V5: =TEXT(B5,"dd-mm-rrrr") -> 12-12-2024 | W5: =TRIM(LOWER(K5)) -> zakonczone | X5: =Q5/P5 -> 0.099
A6: C0005 | B6: 45565 | C6: Warszawa | D6: Weronika Duda | E6: weronika.duda@kawiarnia.pl | F6: K010 | G6: 8 | H6: 15.7 | I6: 125.6 | J6: L145 | K6: W REALIZACJI | L6: {=_xlfn.IFS(G6>6,"Duże zamówienie",G6<=6,"Standardowe")} -> Duże zamówienie | M6: {=_xlfn.IFS(AND(C6="Warszawa",G6>5),"Wysoki",OR(C6="Warszawa",C6="Kraków"),"Średni",TRUE,"Niski")} -> Wysoki | N6: =_xlfn.XLOOKUP(F6,Produkty!$A$2:$A$15,Produkty!$B$2:$B$15,"Brak w katalogu") -> Sernik | O6: =_xlfn.XLOOKUP(N6,Produkty!$B$2:$B$15,Produkty!$C$2:$C$15,"Brak w katalogu") -> Wypieki | P6: =_xlfn.XLOOKUP(Dane!F6,Produkty!$A$2:$A$15,Produkty!$D$2:$D$15) -> 15 | Q6: =SUM(P6-H6) -> -0.7 | R6: =TRIM(PROPER(D6)) -> Weronika Duda | S6: =LOWER(TRIM(_xlfn.TEXTAFTER(E6,"@"))) -> kawiarnia.pl | T6: =_xlfn.CONCAT(LEFT(R6,1),".",LEFT(_xlfn.TEXTAFTER(R6," "),"1"),".") -> W.D. | U6: =_xlfn.CONCAT(C6,"-",F6) -> Warszawa-K010 | V6: =TEXT(B6,"dd-mm-rrrr") -> 30-09-2024 | W6: =TRIM(LOWER(K6)) -> w realizacji | X6: =Q6/P6 -> -0.046666667
A7: C0006 | B7: 45402 | C7: Kraków | D7: Weronika Duda | E7: weronika.duda@kawiarnia.pl | F7: K003 | G7: 9 | H7: 13.99 | I7: 125.91 | J7: L104 | K7: nowe | L7: {=_xlfn.IFS(G7>6,"Duże zamówienie",G7<=6,"Standardowe")} -> Duże zamówienie | M7: {=_xlfn.IFS(AND(C7="Warszawa",G7>5),"Wysoki",OR(C7="Warszawa",C7="Kraków"),"Średni",TRUE,"Niski")} -> Średni | N7: =_xlfn.XLOOKUP(F7,Produkty!$A$2:$A$15,Produkty!$B$2:$B$15,"Brak w katalogu") -> Latte | O7: =_xlfn.XLOOKUP(N7,Produkty!$B$2:$B$15,Produkty!$C$2:$C$15,"Brak w katalogu") -> Napoje gorące | P7: =_xlfn.XLOOKUP(Dane!F7,Produkty!$A$2:$A$15,Produkty!$D$2:$D$15) -> 14 | Q7: =SUM(P7-H7) -> 0.01 | R7: =TRIM(PROPER(D7)) -> Weronika Duda | S7: =LOWER(TRIM(_xlfn.TEXTAFTER(E7,"@"))) -> kawiarnia.pl | T7: =_xlfn.CONCAT(LEFT(R7,1),".",LEFT(_xlfn.TEXTAFTER(R7," "),"1"),".") -> W.D. | U7: =_xlfn.CONCAT(C7,"-",F7) -> Kraków-K003 | V7: =TEXT(B7,"dd-mm-rrrr") -> 20-04-2024 | W7: =TRIM(LOWER(K7)) -> nowe | X7: =Q7/P7 -> 0.00071428571
A8: C0007 | B8: 45303 | C8: Kraków | D8: Weronika Duda | E8: weronika.duda@kawiarnia.pl | F8: K002 | G8: 7 | H8: 12.93 | I8: 90.51 | J8: L118 | K8: Zakonczone | L8: {=_xlfn.IFS(G8>6,"Duże zamówienie",G8<=6,"Standardowe")} -> Duże zamówienie | M8: {=_xlfn.IFS(AND(C8="Warszawa",G8>5),"Wysoki",OR(C8="Warszawa",C8="Kraków"),"Średni",TRUE,"Niski")} -> Średni | N8: =_xlfn.XLOOKUP(F8,Produkty!$A$2:$A$15,Produkty!$B$2:$B$15,"Brak w katalogu") -> Cappuccino | O8: =_xlfn.XLOOKUP(N8,Produkty!$B$2:$B$15,Produkty!$C$2:$C$15,"Brak w katalogu") -> Napoje gorące | P8: =_xlfn.XLOOKUP(Dane!F8,Produkty!$A$2:$A$15,Produkty!$D$2:$D$15) -> 13 | Q8: =SUM(P8-H8) -> 0.07 | R8: =TRIM(PROPER(D8)) -> Weronika Duda | S8: =LOWER(TRIM(_xlfn.TEXTAFTER(E8,"@"))) -> kawiarnia.pl | T8: =_xlfn.CONCAT(LEFT(R8,1),".",LEFT(_xlfn.TEXTAFTER(R8," "),"1"),".") -> W.D. | U8: =_xlfn.CONCAT(C8,"-",F8) -> Kraków-K002 | V8: =TEXT(B8,"dd-mm-rrrr") -> 12-01-2024 | W8: =TRIM(LOWER(K8)) -> zakonczone | X8: =Q8/P8 -> 0.0053846154
A9: C0008 | B9: 45608 | C9: Warszawa | D9: Kamil WOZNIAK | E9: kamil.wozniak@KAWIARNIA.PL | F9: K007 | G9: 4 | H9: 12.42 | I9: 49.68 | J9: L107 | K9: W realizacji | L9: {=_xlfn.IFS(G9>6,"Duże zamówienie",G9<=6,"Standardowe")} -> Standardowe | M9: {=_xlfn.IFS(AND(C9="Warszawa",G9>5),"Wysoki",OR(C9="Warszawa",C9="Kraków"),"Średni",TRUE,"Niski")} -> Średni | N9: =_xlfn.XLOOKUP(F9,Produkty!$A$2:$A$15,Produkty!$B$2:$B$15,"Brak w katalogu") -> Lemoniada | O9: =_xlfn.XLOOKUP(N9,Produkty!$B$2:$B$15,Produkty!$C$2:$C$15,"Brak w katalogu") -> Napoje zimne | P9: =_xlfn.XLOOKUP(Dane!F9,Produkty!$A$2:$A$15,Produkty!$D$2:$D$15) -> 12 | Q9: =SUM(P9-H9) -> -0.42 | R9: =TRIM(PROPER(D9)) -> Kamil Wozniak | S9: =LOWER(TRIM(_xlfn.TEXTAFTER(E9,"@"))) -> kawiarnia.pl | T9: =_xlfn.CONCAT(LEFT(R9,1),".",LEFT(_xlfn.TEXTAFTER(R9," "),"1"),".") -> K.W. | U9: =_xlfn.CONCAT(C9,"-",F9) -> Warszawa-K007 | V9: =TEXT(B9,"dd-mm-rrrr") -> 12-11-2024 | W9: =TRIM(LOWER(K9)) -> w realizacji | X9: =Q9/P9 -> -0.035
A10: C0009 | B10: 45400 | C10: Poznań | D10: PAWEL Mazur | E10: pawel.mazur@kawiarnia.pl | F10: K013 | G10: 3 | H10: 20.97 | I10: 62.91 | J10: L188 | K10: nowe | L10: {=_xlfn.IFS(G10>6,"Duże zamówienie",G10<=6,"Standardowe")} -> Standardowe | M10: {=_xlfn.IFS(AND(C10="Warszawa",G10>5),"Wysoki",OR(C10="Warszawa",C10="Kraków"),"Średni",TRUE,"Niski")} -> Niski | N10: =_xlfn.XLOOKUP(F10,Produkty!$A$2:$A$15,Produkty!$B$2:$B$15,"Brak w katalogu") -> Sałatka Cesar | O10: =_xlfn.XLOOKUP(N10,Produkty!$B$2:$B$15,Produkty!$C$2:$C$15,"Brak w katalogu") -> Przekąski | P10: =_xlfn.XLOOKUP(Dane!F10,Produkty!$A$2:$A$15,Produkty!$D$2:$D$15) -> 22 | Q10: =SUM(P10-H10) -> 1.03 | R10: =TRIM(PROPER(D10)) -> Pawel Mazur | S10: =LOWER(TRIM(_xlfn.TEXTAFTER(E10,"@"))) -> kawiarnia.pl | T10: =_xlfn.CONCAT(LEFT(R10,1),".",LEFT(_xlfn.TEXTAFTER(R10," "),"1"),".") -> P.M. | U10: =_xlfn.CONCAT(C10,"-",F10) -> Poznań-K013 | V10: =TEXT(B10,"dd-mm-rrrr") -> 18-04-2024 | W10: =TRIM(LOWER(K10)) -> nowe | X10: =Q10/P10 -> 0.046818182
A11: C0010 | B11: 45320 | C11: Kraków | D11: Bartosz Zajac | E11: bartosz.zajac@kawiarnia.pl | F11: K002 | G11: 2 | H11: 11.93 | I11: 23.86 | J11: L137 | K11: W REALIZACJI | L11: {=_xlfn.IFS(G11>6,"Duże zamówienie",G11<=6,"Standardowe")} -> Standardowe | M11: {=_xlfn.IFS(AND(C11="Warszawa",G11>5),"Wysoki",OR(C11="Warszawa",C11="Kraków"),"Średni",TRUE,"Niski")} -> Średni | N11: =_xlfn.XLOOKUP(F11,Produkty!$A$2:$A$15,Produkty!$B$2:$B$15,"Brak w katalogu") -> Cappuccino | O11: =_xlfn.XLOOKUP(N11,Produkty!$B$2:$B$15,Produkty!$C$2:$C$15,"Brak w katalogu") -> Napoje gorące | P11: =_xlfn.XLOOKUP(Dane!F11,Produkty!$A$2:$A$15,Produkty!$D$2:$D$15) -> 13 | Q11: =SUM(P11-H11) -> 1.07 | R11: =TRIM(PROPER(D11)) -> Bartosz Zajac | S11: =LOWER(TRIM(_xlfn.TEXTAFTER(E11,"@"))) -> kawiarnia.pl | T11: =_xlfn.CONCAT(LEFT(R11,1),".",LEFT(_xlfn.TEXTAFTER(R11," "),"1"),".") -> B.Z. | U11: =_xlfn.CONCAT(C11,"-",F11) -> Kraków-K002 | V11: =TEXT(B11,"dd-mm-rrrr") -> 29-01-2024 | W11: =TRIM(LOWER(K11)) -> w realizacji | X11: =Q11/P11 -> 0.082307692
A12: C0011 | B12: 45382 | C12: Poznań | D12: Bartosz Zajac | E12: bartosz.zajac@kawiarnia.pl | F12: K006 | G12: 8 | H12: 16.32 | I12: 130.56 | J12: L132 | K12: nowe | L12: {=_xlfn.IFS(G12>6,"Duże zamówienie",G12<=6,"Standardowe")} -> Duże zamówienie | M12: {=_xlfn.IFS(AND(C12="Warszawa",G12>5),"Wysoki",OR(C12="Warszawa",C12="Kraków"),"Średni",TRUE,"Niski")} -> Niski | N12: =_xlfn.XLOOKUP(F12,Produkty!$A$2:$A$15,Produkty!$B$2:$B$15,"Brak w katalogu") -> Mrożona kawa | O12: =_xlfn.XLOOKUP(N12,Produkty!$B$2:$B$15,Produkty!$C$2:$C$15,"Brak w katalogu") -> Napoje zimne | P12: =_xlfn.XLOOKUP(Dane!F12,Produkty!$A$2:$A$15,Produkty!$D$2:$D$15) -> 16 | Q12: =SUM(P12-H12) -> -0.32 | R12: =TRIM(PROPER(D12)) -> Bartosz Zajac | S12: =LOWER(TRIM(_xlfn.TEXTAFTER(E12,"@"))) -> kawiarnia.pl | T12: =_xlfn.CONCAT(LEFT(R12,1),".",LEFT(_xlfn.TEXTAFTER(R12," "),"1"),".") -> B.Z. | U12: =_xlfn.CONCAT(C12,"-",F12) -> Poznań-K006 | V12: =TEXT(B12,"dd-mm-rrrr") -> 31-03-2024 | W12: =TRIM(LOWER(K12)) -> nowe | X12: =Q12/P12 -> -0.02
A13: C0012 | B13: 45477 | C13: Kraków | D13: ALEKSANDRA KOWAL | E13: aleksandra.kowal@kawiarnia.pl | F13: K010 | G13: 1 | H13: 14.26 | I13: 14.26 | J13: L148 | K13: nowe | L13: {=_xlfn.IFS(G13>6,"Duże zamówienie",G13<=6,"Standardowe")} -> Standardowe | M13: {=_xlfn.IFS(AND(C13="Warszawa",G13>5),"Wysoki",OR(C13="Warszawa",C13="Kraków"),"Średni",TRUE,"Niski")} -> Średni | N13: =_xlfn.XLOOKUP(F13,Produkty!$A$2:$A$15,Produkty!$B$2:$B$15,"Brak w katalogu") -> Sernik | O13: =_xlfn.XLOOKUP(N13,Produkty!$B$2:$B$15,Produkty!$C$2:$C$15,"Brak w katalogu") -> Wypieki | P13: =_xlfn.XLOOKUP(Dane!F13,Produkty!$A$2:$A$15,Produkty!$D$2:$D$15) -> 15 | Q13: =SUM(P13-H13) -> 0.74 | R13: =TRIM(PROPER(D13)) -> Aleksandra Kowal | S13: =LOWER(TRIM(_xlfn.TEXTAFTER(E13,"@"))) -> kawiarnia.pl | T13: =_xlfn.CONCAT(LEFT(R13,1),".",LEFT(_xlfn.TEXTAFTER(R13," "),"1"),".") -> A.K. | U13: =_xlfn.CONCAT(C13,"-",F13) -> Kraków-K010 | V13: =TEXT(B13,"dd-mm-rrrr") -> 04-07-2024 | W13: =TRIM(LOWER(K13)) -> nowe | X13: =Q13/P13 -> 0.049333333
... A141: C0140 | B141: 45334 | C141: Poznań | D141: Bartosz Zajac | E141: bartosz.zajac@kawiarnia.pl | F141: K010 | G141: 3 | H141: 13.97 | I141: 41.91 | J141: L154 | K141: Zakonczone | L141: {=_xlfn.IFS(G141>6,"Duże zamówienie",G141<=6,"Standardowe")} -> Standardowe | M141: {=_xlfn.IFS(AND(C141="Warszawa",G141>5),"Wysoki",OR(C141="Warszawa",C141="Kraków"),"Średni",TRUE,"Niski")} -> Niski | N141: =_xlfn.XLOOKUP(F141,Produkty!$A$2:$A$15,Produkty!$B$2:$B$15,"Brak w katalogu") -> Sernik | O141: =_xlfn.XLOOKUP(N141,Produkty!$B$2:$B$15,Produkty!$C$2:$C$15,"Brak w katalogu") -> Wypieki | P141: =_xlfn.XLOOKUP(Dane!F141,Produkty!$A$2:$A$15,Produkty!$D$2:$D$15) -> 15 | Q141: =SUM(P141-H141) -> 1.03 | R141: =TRIM(PROPER(D141)) -> Bartosz Zajac | S141: =LOWER(TRIM(_xlfn.TEXTAFTER(E141,"@"))) -> kawiarnia.pl | T141: =_xlfn.CONCAT(LEFT(R141,1),".",LEFT(_xlfn.TEXTAFTER(R141," "),"1"),".") -> B.Z. | U141: =_xlfn.CONCAT(C141,"-",F141) -> Poznań-K010 | V141: =TEXT(B141,"dd-mm-rrrr") -> 12-02-2024 | W141: =TRIM(LOWER(K141)) -> zakonczone | X141: =Q141/P141 -> 0.068666667

Sheet Produkty
A1: ID_Produktu | B1: Nazwa_Produktu | C1: Kategoria | D1: Cena_katalogowa
A2: K001 | B2: Espresso | C2: Napoje gorące | D2: 9
A3: K002 | B3: Cappuccino | C3: Napoje gorące | D3: 13
A4: K003 | B4: Latte | C4: Napoje gorące | D4: 14
A5: K004 | B5: Americano | C5: Napoje gorące | D5: 11
A6: K005 | B6: Herbata liściasta | C6: Napoje gorące | D6: 10
A7: K006 | B7: Mrożona kawa | C7: Napoje zimne | D7: 16
A8: K007 | B8: Lemoniada | C8: Napoje zimne | D8: 12
A9: K008 | B9: Smoothie owocowe | C9: Napoje zimne | D9: 18
A10: K009 | B10: Croissant | C10: Wypieki | D10: 8
A11: K010 | B11: Sernik | C11: Wypieki | D11: 15
A12: K011 | B12: Muffin czekoladowy | C12: Wypieki | D12: 9
A13: K012 | B13: Bagietka z szynką | C13: Przekąski | D13: 17
... A15: K014 | B15: Batonik musli | C15: Przekąski | D15: 6

Sheet Z1_Funkcje_podstawowe
A1: SEKCJA 1 — Funkcje podstawowe i logiczne
B3: Zadanie 1.1
B4: Jaki był łączny przychód ze wszystkich transakcji w danych?
B5: TWOJA ODPOWIEDŹ:
B6: =SUM(Dane!I2:I141) -> 11322.52
B8: Zadanie 1.2
B9: Jaka jest przeciętna wartość pojedynczej transakcji?
B10: TWOJA ODPOWIEDŹ:
B11: =AVERAGE(Dane!I2:I141) -> 80.875143
B13: Zadanie 1.3
B14: Jaka jest przeciętna liczba sprzedanych sztuk na transakcję? Podaj wynik zaokrąglony do 1 miejsca po przecinku.
B15: TWOJA ODPOWIEDŹ:
B16: =ROUND(AVERAGE(Dane!G:G), 1) -> 6.6
B18: Zadanie 1.4
B19: W arkuszu Dane dodaj kolumnę 'Typ_zamowienia'. Oznacz transakcję jako 'Duże zamówienie', jeśli sprzedano więcej niż 6 sztuk, w pozostałych przypadkach jako 'Standardowe'.
B20: Wklej formułę z pierwszego wiersza jako potwierdzenie:
B21: {=_xlfn.IFS(G2>6,"Duże zamówienie",G2<=6,"Standardowe")} -> Standardowe
B23: Zadanie 1.5
B24: W arkuszu Dane dodaj kolumnę 'Priorytet'. Transakcje z lokalizacji 'Warszawa' z ilością większą niż 5 sztuk oznacz jako 'Wysoki'. Transakcje z lokalizacji 'Warszawa' lub 'Kraków', które nie spełniają pierwszego warunku, oznacz jako 'Średni'. Pozostałe jako 'Niski'.
B25: Wklej formułę z pierwszego wiersza jako potwierdzenie:
B26: {=_xlfn.IFS(AND(C2="Warszawa",G2>5),"Wysoki",OR(C2="Warszawa",C2="Kraków"),"Średni",TRUE,"Niski")} -> Niski
B28: Zadanie 1.6
B29: Podaj przykład sytuacji biznesowej, w której potrzebujesz połączenia dwóch warunków, gdzie OBA muszą być spełnione naraz, oraz przykład sytuacji, w której wystarczy, że spełniony jest CHOCIAŻ JEDEN z nich.
B30: TWOJA ODPOWIEDŹ:
B31: Użycie warunku gdzie oba muszą być spełnione. Na przykład przy sprzedaży kiedy mamy promocje na komody i według stanu magazynowego chcemy ustalić piorytet zamówienia. A jeden warunek gdy szukamy transakcji powyzej jakiejs kwoty

Sheet Z2_Wyszukiwanie
A1: SEKCJA 2 — Wyszukiwanie danych
B3: Zadanie 2.1
B4: Dodaj kolumnę z nazwą produktu, na podstawie ID produktu, korzystając z arkusza Produkty.
B5: Wklej formułę z pierwszego wiersza:
B6: =VLOOKUP(Dane!F2,Produkty!$A$2:$B$15,2,FALSE) -> Americano
B8: Zadanie 2.2
B9: Dodaj kolumnę z kategorią produktu, korzystając z arkusza Produkty.
B10: Wklej formułę z pierwszego wiersza:
B11: =_xlfn.XLOOKUP(N2,Produkty!$B$2:$B$15,Produkty!$C$2:$C$15,"Brak w katalogu") -> Brak w katalogu
B13: Zadanie 2.3
B14: Część transakcji ma ID produktu, którego nie ma w katalogu Produkty. Popraw formuły z zadań 2.1 i 2.2 tak, żeby zamiast błędu pokazywały tekst 'Brak w katalogu'.
B15: Wklej jedną z poprawionych formuł:
B16: =_xlfn.XLOOKUP(F2,Produkty!$A$2:$A$15,Produkty!$B$2:$B$15,"Brak w katalogu") -> Brak w katalogu
B18: Zadanie 2.4
B19: Dodaj kolumnę z ceną katalogową produktu oraz kolumnę z różnicą między ceną rzeczywistą a ceną katalogową.
B20: Wklej obie formuły:
B21: =_xlfn.XLOOKUP(Dane!F2,Produkty!$A$2:$A$15,Produkty!$D$2:$D$15) =SUM(P2-H2) -> FALSE
B23: Zadanie 2.5
B24: Wymień co najmniej dwa konkretne ograniczenia starszej, bardziej podstawowej metody wyszukiwania danych w Excelu, których nie ma jej nowocześniejszy odpowiednik.
B25: TWOJA ODPOWIEDŹ:
B26: vlookup ma kierunek szukania tylko w prawo i nie obsluguje bledow. Xlookup szuka w dowolną stronę i ma wbudowaną obsługę błędów

Sheet Z3_Tekst
A1: SEKCJA 3 — Praca z tekstem
B3: Zadanie 3.1
B4: Kolumna z imieniem i nazwiskiem baristy jest niespójna (dodatkowe spacje, różna wielkość liter). Dodaj kolumnę, w której ujednolicisz to do formatu 'Imię Nazwisko'.
B5: Wklej formułę:
B6: =TRIM(PROPER(D2))
B8: Zadanie 3.2
B9: Wyodrębnij samą domenę z adresu e-mail (część po znaku @), zapisaną małymi literami, bez dodatkowych spacji.
B10: Wklej formułę:
B11: =LOWER(TRIM(_xlfn.TEXTAFTER(E2,"@"))) -> #N/A
B13: Zadanie 3.3
B14: Na podstawie oczyszczonego imienia i nazwiska (z zadania 3.1) wygeneruj inicjały w formacie 'J.K.'.
B15: Wklej formułę:
B16: =_xlfn.CONCAT(LEFT(R2,1),".",LEFT(_xlfn.TEXTAFTER(R2," "),"1")) -> #N/A
B18: Zadanie 3.4
B19: Połącz lokalizację i ID produktu w jeden tekst rozdzielony myślnikiem, np. 'Warszawa-K001'.
B20: Wklej formułę:
B21: =_xlfn.CONCAT(C2,"-",F2) -> -
B23: Zadanie 3.5
B24: Zapisz datę transakcji jako tekst w formacie DD-MM-RRRR.
B25: Wklej formułę:
B26: =TEXT(B2,"dd-mm-rrrr") -> 00-01-1900
B28: Zadanie 3.6
B29: Status zamówienia też jest niespójny. Ujednolić go tak, żeby każda unikalna wartość merytoryczna była zapisana jednolicie.
B30: Wklej formułę:
B31: =TRIM(LOWER(K2))

Sheet Z4_Agregacja_warunkowa
A1: SEKCJA 4 — Agregowanie danych z warunkami
B3: Zadanie 4.1
B4: Ile wyniosła suma przychodu z lokalizacji 'Kraków', dla transakcji, w których sprzedano więcej niż 5 sztuk?
B5: TWOJA ODPOWIEDŹ:
B6: =SUMIFS(Dane!I2:I141,Dane!C2:C141,"Kraków",Dane!G2:G141,">5") -> 2302.62
B8: Zadanie 4.2
B9: Jaka była średnia cena jednostkowa dla produktu o ID 'K001'?
B10: TWOJA ODPOWIEDŹ:
B11: =AVERAGEIFS(Dane!H2:H141,Dane!F2:F141,"K001") -> 8.6828571
B13: Zadanie 4.3
B14: Ile transakcji miało miejsce w lokalizacji 'Wrocław', gdzie ilość sztuk mieściła się między 3 a 8 (włącznie)?
B15: TWOJA ODPOWIEDŹ:
B16: =COUNTIFS(Dane!C2:C141,"Wrocław",Dane!G2:G141,">=3",Dane!G2:G141,"<=8") -> 14
B18: Zadanie 4.4
B19: Ile wyniosła suma przychodu z lokalizacji 'Poznań', kategorii 'Napoje gorące' (dociągniętej w zadaniu 2.2), w pierwszym półroczu 2024 roku?
B20: TWOJA ODPOWIEDŹ:
B21: =SUMIFS(Dane!I2:I141,Dane!C2:C141,"Poznań",Dane!O2:O141,"Napoje gorące",Dane!B2:B141,">"&DATE(2023,12,31),Dane!$B$2:$B$141,"<"&DATE(2024,7,1)) -> 282.45
B23: Zadanie 4.5
B24: Kiedy zwykłe funkcje agregujące (sumowanie, liczenie, średnia) przestają wystarczać i trzeba sięgnąć po ich warunkowe odpowiedniki?
B25: TWOJA ODPOWIEDŹ:
B26: Kiedy pytanie wymaga użycia warunków

Sheet Z5_Tabele
A1: SEKCJA 5 — Tabele Excela
B3: Zadanie 5.1
B4: Przekształć zakres danych w arkuszu Dane w prawdziwą Tabelę Excela i nadaj jej sensowną nazwę.
B5: Wpisz TAK gdy wykonane:
B6: Tak
B8: Zadanie 5.2
B9: Dodaj do tabeli kolumnę liczącą procentową marżę (różnica ceny z zadania 2.4, podzielona przez cenę katalogową), korzystając z odwołań charakterystycznych dla tabel Excela, a nie zwykłych odwołań do komórek.
B10: Wklej użytą formułę:
B11: Tak
B13: Zadanie 5.3
B14: Podaj dwie konkretne korzyści z używania Tabeli Excela zamiast zwykłego zakresu komórek.
B15: TWOJA ODPOWIEDŹ:
B16: Wbudowane filtrowanie, automatyczne rozszerzanie tabeli

Sheet Zestawienia
B1: Column Labels
B2: Brak w katalogu | D2: Napoje gorące | F2: Napoje zimne | H2: Przekąski | J2: Wypieki | L2: Total Sum of Przychod | M2: Total AVG_za_sztuke | P2: Sum of Przychod | Q2: Column Labels
A3: Row Labels | B3: Sum of Przychod | C3: AVG_za_sztuke | D3: Sum of Przychod | E3: AVG_za_sztuke | F3: Sum of Przychod | G3: AVG_za_sztuke | H3: Sum of Przychod | I3: AVG_za_sztuke | J3: Sum of Przychod | K3: AVG_za_sztuke | P3: Row Labels | Q3: Brak w katalogu | R3: Napoje gorące | S3: Napoje zimne | T3: Przekąski | U3: Wypieki | V3: Grand Total
A4: Gdańsk | B4: 64.98 | C4: 10.83 | D4: 566.87 | E4: 11.3374 | F4: 735.61 | G4: 13.622407 | H4: 502.82 | I4: 11.173778 | J4: 220.16 | K4: 8.1540741 | L4: 2090.44 | M4: 11.485934 | P4: Gdańsk | Q4: 0.031084365 | R4: 0.27117258 | S4: 0.35189242 | T4: 0.24053309 | U4: 0.10531754 | V4: 1
A5: sty | B5: 64.98 | C5: 10.83 | D5: 37.11 | E5: 12.37 | G5: #DIV/0! | I5: #DIV/0! | K5: #DIV/0! | L5: 102.09 | M5: 11.343333 | P5: Grand Total | Q5: 0.031084365 | R5: 0.27117258 | S5: 0.35189242 | T5: 0.24053309 | U5: 0.10531754 | V5: 1
A6: lut | C6: #DIV/0! | E6: #DIV/0! | G6: #DIV/0! | H6: 172.48 | I6: 21.56 | K6: #DIV/0! | L6: 172.48 | M6: 21.56
A7: mar | C7: #DIV/0! | D7: 43.1 | E7: 8.62 | F7: 164.5 | G7: 16.45 | H7: 121.65 | I7: 5.7928571 | J7: 68.13 | K7: 7.57 | L7: 397.38 | M7: 8.8306667
A8: kwi | C8: #DIV/0! | D8: 126.55 | E8: 11.504545 | F8: 169.95 | G8: 15.45 | H8: 123.58 | I8: 17.654286 | K8: #DIV/0! | L8: 420.08 | M8: 14.485517
A9: maj | C9: #DIV/0! | E9: #DIV/0! | G9: #DIV/0! | H9: 45.7 | I9: 22.85 | J9: 16.66 | K9: 8.33 | L9: 62.36 | M9: 15.59
A10: cze | C10: #DIV/0! | D10: 144.62 | E10: 10.33 | G10: #DIV/0! | I10: #DIV/0! | J10: 135.37 | K10: 8.460625 | L10: 279.99 | M10: 9.333
A11: lip | C11: #DIV/0! | E11: #DIV/0! | F11: 230.72 | G11: 11.536 | I11: #DIV/0! | K11: #DIV/0! | L11: 230.72 | M11: 11.536
A12: sie | C12: #DIV/0! | D12: 156.24 | E12: 13.02 | G12: #DIV/0! | H12: 39.41 | I12: 5.63 | K12: #DIV/0! | L12: 195.65 | M12: 10.297368
A13: paź | C13: #DIV/0! | E13: #DIV/0! | F13: 59.56 | G13: 14.89 | I13: #DIV/0! | K13: #DIV/0! | L13: 59.56 | M13: 14.89
A14: lis | C14: #DIV/0! | D14: 59.25 | E14: 11.85 | F14: 110.88 | G14: 12.32 | I14: #DIV/0! | K14: #DIV/0! | L14: 170.13 | M14: 12.152143
A15: Grand Total | B15: 64.98 | C15: 10.83 | D15: 566.87 | E15: 11.3374 | F15: 735.61 | G15: 13.622407 | H15: 502.82 | I15: 11.173778 | J15: 220.16 | K15: 8.1540741 | L15: 2090.44 | M15: 11.485934

Sheet Z6_Zestawienia
A1: SEKCJA 6 — Zestawienia zbiorcze
B3: Zadanie 6.1
B4: Na nowym arkuszu przygotuj zestawienie pokazujące sumę przychodu w rozbiciu na lokalizację (wiersze) i kategorię produktu (kolumny).
B5: Wpisz TAK gdy wykonane:
B6: Tak
B8: Zadanie 6.2
B9: Rozbij to zestawienie dodatkowo na miesiące.
B10: Wpisz TAK gdy wykonane:
B11: Tak
B13: Zadanie 6.3
B14: Obok pierwszego zestawienia przygotuj drugie, pokazujące, jaki procent przychodu w danym wierszu stanowi każda kategoria.
B15: Wpisz TAK gdy wykonane:
B16: Tak
... B26: .

Sheet Wizualizacje

Sheet Z7_Wizualizacje
A1: SEKCJA 7 — Wizualizacja danych
B3: Zadanie 7.1
B4: Zbuduj wizualizację pokazującą przychód wg lokalizacji.
B5: Wpisz TAK gdy wykonane:
B6: TAK
B8: Zadanie 7.2
B9: Zbuduj wizualizację pokazującą, jak przychód zmieniał się w czasie (miesiąc po miesiącu).
B10: Wpisz TAK gdy wykonane:
B11: Tak
B13: Zadanie 7.3
B14: Zbuduj wizualizację najlepiej oddającą udział poszczególnych kategorii produktów w całkowitym przychodzie i uzasadnij, dlaczego wybrałeś akurat ten typ.
B15: Uzasadnienie wyboru:
B16: Uznałem że najlepiej oddaje to diagram kołowy, gdyż koło idealnie obrazuje udział w całości

Sheet Z8_Filtrowanie
A1: SEKCJA 8 — Interaktywne filtrowanie
B3: Zadanie 8.1
B4: Dodaj mechanizm pozwalający jednym kliknięciem filtrować zestawienie z zadania 6.1 po lokalizacji, bez ręcznego wpisywania filtra.
B5: Wpisz TAK gdy wykonane:
B6: tak
B8: Zadanie 8.2
B9: Spraw, żeby ten sam mechanizm filtrował jednocześnie oba zestawienia z Sekcji 6.
B10: Wpisz TAK gdy wykonane:
B11: Tak
B13: Zadanie 8.3
B14: Co jest warunkiem koniecznym, żeby jeden taki mechanizm filtrujący mógł działać na kilku różnych zestawieniach naraz?
B15: TWOJA ODPOWIEDŹ:
B16: Muszą korzystać z tego samego źródła
